Text,Gender_bias_sentiment,Bias_type,Biased_span,Bias_explanation
We are looking for a dynamic salesman to grow our B2B pipeline.,biased,explicit_gender,salesman,Uses a gendered job title that implicitly excludes women and non-binary candidates from applying.
The ideal candidate is a businessman with a track record of closing enterprise deals.,biased,explicit_gender,businessman,Uses a male-gendered term for a professional role that is open to all genders.
We need a strong manpower pipeline to support our Q3 expansion.,biased,explicit_gender,manpower,The term manpower implies only men are valued as labour and excludes other genders.
Female candidates preferred for this front-desk receptionist position.,biased,explicit_gender,Female candidates preferred,Explicitly states a gender preference which is discriminatory and discourages other genders from applying.
We are hiring a male driver for our executive transport team.,biased,explicit_gender,male driver,Specifying a male gender requirement for a driving role has no occupational justification.
Looking for a bubbly girl to join our customer service team.,biased,explicit_gender,girl,Using 'girl' to describe a professional role is infantilising and gendered.
He will be responsible for managing the full sales cycle from prospecting to close.,biased,explicit_gender,He,Using a male pronoun as the default for an unspecified future employee excludes women and non-binary individuals.
"She will coordinate schedules, manage communications, and support the executive team.",biased,explicit_gender,She,Defaulting to a female pronoun for a support role reinforces gendered occupational stereotypes.
We are seeking a chairman for our board of directors.,biased,explicit_gender,chairman,The term chairman has a male-gendered root and signals exclusion of women and non-binary people from leadership.
Our new hire will serve as the spokeswoman for the company's diversity initiatives.,biased,explicit_gender,spokeswoman,Specifying a female spokesperson for diversity work implies diversity is a women's issue rather than a company-wide priority.
This role requires someone with strong manly confidence in client-facing situations.,biased,explicit_gender,manly confidence,Describing required professional traits with gendered adjectives implies the role is suited only to men.
The stewardess will ensure passenger comfort and safety on all flights.,biased,explicit_gender,stewardess,Stewardess is a gendered job title; flight attendant is the inclusive professional standard.
We want a craftsman who takes pride in precision engineering.,biased,explicit_gender,craftsman,The term craftsman implies the role is for men; craftsperson or skilled technician is inclusive.
Male candidate strongly preferred for this security guard position.,biased,explicit_gender,Male candidate strongly preferred,Stating a male preference for a security role has no legal occupational basis and is discriminatory.
Our HR department is looking for a maternal figure to support employee wellbeing programs.,biased,explicit_gender,maternal figure,Describing a professional role using a gendered parental metaphor discourages men and non-binary candidates.
We need a handyman to maintain our office facilities.,biased,explicit_gender,handyman,The term handyman is gendered; maintenance technician or facilities operative is inclusive.
The foreman will oversee daily operations on the construction site.,biased,explicit_gender,foreman,Foreman is a gendered supervisory title; site supervisor or team lead is the inclusive alternative.
Looking for a cameraman to cover live events for our media company.,biased,explicit_gender,cameraman,Cameraman is a gendered job title; camera operator or videographer is inclusive.
We are recruiting a policeman to join our community safety team.,biased,explicit_gender,policeman,Policeman is a gendered job title; police officer is the standard inclusive term.
The fireman must be physically fit and able to carry up to 80kg.,biased,explicit_gender,fireman,Fireman is a gendered job title; firefighter is the standard inclusive alternative.
We are hiring a barmaid to work weekend shifts at our gastropub.,biased,explicit_gender,barmaid,Barmaid is a gendered job title; bartender or bar staff is the inclusive standard.
He will report directly to the Chief Technology Officer and lead the platform team.,biased,explicit_gender,He,Defaulting to a male pronoun for a senior technical leadership role reinforces gender bias in tech.
She will be the first point of contact for all incoming client enquiries.,biased,explicit_gender,She,Defaulting to a female pronoun for a client-facing liaison role reinforces gendered occupational assumptions.
We are looking for a female nurse to join our paediatric ward.,biased,explicit_gender,female nurse,Specifying a female gender requirement for a nursing role has no occupational justification and discourages men.
We need a workman to carry out general repairs across our estate portfolio.,biased,explicit_gender,workman,Workman is a gendered job descriptor; worker or operative is the inclusive alternative.
The spokesman will liaise with press and media on behalf of the organisation.,biased,explicit_gender,spokesman,Spokesman is a gendered title; spokesperson is the standard inclusive alternative.
We are seeking a male personal trainer for our women-only gym floor.,biased,explicit_gender,male personal trainer,Specifying a male gender requirement for a personal training role requires clear occupational justification and is otherwise discriminatory.
Our team is looking for a housewife-type office administrator to keep things running smoothly.,biased,explicit_gender,housewife-type,Comparing a professional office role to domestic unpaid labour is gendered and demeaning.
Prefer to hire a woman for this childminding position.,biased,explicit_gender,Prefer to hire a woman,Stating a gender preference in hiring is discriminatory regardless of the role.
The waiter will manage table service across the restaurant floor during evening service.,biased,explicit_gender,waiter,Waiter is gendered; server or front-of-house staff is inclusive.
We are looking for a waitress to join our fine-dining team in Dubai.,biased,explicit_gender,waitress,Waitress is a gendered job title; server is the inclusive professional standard.
The repairman will attend call-outs across the southern region.,biased,explicit_gender,repairman,Repairman is a gendered job title; repair technician or engineer is inclusive.
We need a milkman to cover the early morning delivery round.,biased,explicit_gender,milkman,Milkman is a gendered job title; delivery operative or milk delivery driver is inclusive.
We are hiring a labourer — male applicants only for this construction role.,biased,explicit_gender,male applicants only,Restricting a labouring role to male applicants has no occupational justification and is discriminatory.
The draftsman will produce technical drawings for our engineering projects.,biased,explicit_gender,draftsman,Draftsman is a gendered technical title; drafter or technical illustrator is inclusive.
We want a kindhearted woman to manage our elderly care residential home.,biased,explicit_gender,kindhearted woman,Specifying gender and a gendered personality trait for a care role is discriminatory.
Our logistics team needs a delivery boy for local courier runs.,biased,explicit_gender,delivery boy,Delivery boy is a gendered and infantilising job title; delivery driver or courier is inclusive.
We are looking for a salesgirl to staff our retail stand at trade shows.,biased,explicit_gender,salesgirl,Salesgirl is a gendered and infantilising job title; sales representative or brand ambassador is inclusive.
The groundsman will maintain our sports pitches and outdoor facilities.,biased,explicit_gender,groundsman,Groundsman is a gendered job title; grounds operative or groundskeeper is inclusive.
He or she must demonstrate 5 years of software architecture experience.,biased,explicit_gender,He or she,He or she is a binary gendered default that excludes non-binary individuals; they/their is the inclusive standard.
We require a busman to operate our private shuttle service.,biased,explicit_gender,busman,Busman is a gendered job title; bus driver or coach operator is inclusive.
Looking for a young woman with good communication skills to manage our reception.,biased,explicit_gender,young woman,Specifying a gender and implying youth as requirements for a reception role is gender and age discriminatory.
The serviceman will be responsible for maintaining HVAC systems across client sites.,biased,explicit_gender,serviceman,Serviceman is a gendered job title with military connotations; service engineer or HVAC technician is inclusive.
We are hiring a bricklayer — male applicants preferred for this physically demanding role.,biased,explicit_gender,male applicants preferred,Physical demands do not justify a gender preference; women and non-binary people can meet physical requirements.
Prefer a female receptionist for our Harley Street medical clinic.,biased,explicit_gender,female receptionist,Specifying a female gender preference for a reception role has no occupational justification.
Looking for a gentleman who can represent our brand with gravitas at events.,biased,explicit_gender,gentleman,Gentleman is an explicitly gendered descriptor that signals only men are welcome for a public-facing role.
The woman in this role will coordinate all administrative functions for the department.,biased,explicit_gender,woman,Specifying that the role's occupant will be a woman is direct gender discrimination.
Our Mumbai office needs a peon — male candidates preferred.,biased,explicit_gender,male candidates preferred,Stating a male preference for an administrative support role in South Asian hiring context has no occupational justification.
We seek a dhobi or washerman to manage laundry operations at our hotel.,biased,explicit_gender,washerman,Washerman is a gendered job title that excludes women and non-binary people from applying.
Our Riyadh office requires a male driver familiar with local road regulations.,biased,explicit_gender,male driver,"Unless a gender-based occupational requirement is legally registered, specifying male-only drivers is gender discriminatory."
We are hiring a female accountant for our all-women finance team.,biased,explicit_gender,female accountant,Hiring exclusively for gender in an accounting role is unlawful in most jurisdictions without an occupational exemption.
We seek a nurturing female teacher to lead our early childhood program.,biased,stereotype,nurturing female teacher,"Combines a gendered term with the stereotype that women are naturally nurturing, implying men are unsuitable for childcare roles."
Looking for an aggressive go-getter to dominate the sales floor.,biased,stereotype,aggressive go-getter,Aggressive is a masculine-coded trait used as a positive hiring signal that disadvantages candidates socialised away from aggression.
The ideal candidate is a dominant leader who commands respect in the room.,biased,stereotype,dominant leader,Dominant leadership is a masculine-coded style that screens out equally effective collaborative leadership styles.
We need someone with a soft touch to manage our client relationships.,biased,stereotype,soft touch,Soft touch is a feminised trait used as a job requirement in a way that reinforces gender role expectations.
Looking for a bossy project manager who can keep the team in line.,biased,stereotype,bossy,Bossy is disproportionately applied to women as a negative label and encodes a double standard for assertiveness.
The candidate must project masculine authority when presenting to the board.,biased,stereotype,masculine authority,Requiring masculine authority as a presentation trait explicitly excludes women and non-binary candidates.
"We need a warm, motherly office manager to keep the team cohesive.",biased,stereotype,motherly,Using a parental gender role as a job qualification reinforces the stereotype that women are caregivers rather than professionals.
Ideal candidate is emotionally resilient — not overly sensitive or emotional.,biased,stereotype,overly sensitive or emotional,Emotional is often used as a coded critique of women; framing it as a disqualifier disproportionately targets women candidates.
We are looking for a fatherly mentor to lead our graduate intake program.,biased,stereotype,fatherly mentor,Using a gendered parental role as a job qualifier implies only men can serve in mentorship leadership.
Strong preference for candidates with a take-no-prisoners attitude.,biased,stereotype,take-no-prisoners attitude,This military-coded aggressive trait is masculine-coded and discourages candidates from non-dominant cultural backgrounds.
The ideal candidate is assertive and alpha — someone who takes charge without being told.,biased,stereotype,assertive and alpha,Alpha is an explicitly masculine-coded dominance signal that disadvantages women and non-binary applicants.
We want someone with feminine intuition to excel in our UX research role.,biased,stereotype,feminine intuition,Attributing professional competence to a gendered biological trait is stereotyping and implies men are unsuitable.
"The role requires someone with a warrior mindset — aggressive, relentless, and fearless.",biased,stereotype,warrior mindset,Warrior and aggressive are masculine-coded descriptors that signal cultural fit favouring men and excluding others.
We want a nurturing team player to support junior staff in their development.,biased,stereotype,nurturing team player,Nurturing is a feminine-coded trait; using it as a job requirement can deter male candidates and reinforce gendered expectations.
"The ideal candidate is a strong, decisive man of action.",biased,stereotype,man of action,Man of action is explicitly gendered and encodes a masculine leadership ideal that excludes women and non-binary candidates.
We need someone with a hunter mentality to identify and close new business.,biased,stereotype,hunter mentality,Hunter mentality is a masculine-coded sales descriptor that implicitly disadvantages women.
Looking for a smooth-talking charmer to represent our brand at events.,biased,stereotype,smooth-talking charmer,This descriptor encodes a gendered social performance expectation that disadvantages candidates outside dominant male networking norms.
The candidate must have the emotional toughness of a soldier.,biased,stereotype,emotional toughness of a soldier,"Military masculine toughness as a required trait signals that emotional expression is a disqualifier, disproportionately affecting women."
We value candidates with a boys-club mentality who thrive in competitive environments.,biased,stereotype,boys-club mentality,Boys-club explicitly signals a male-dominated culture and directly discourages women and non-binary candidates from applying.
Looking for someone with a thick skin who won't get rattled by high-pressure situations.,biased,stereotype,thick skin,Thick skin is a masculine-coded resilience descriptor often used to screen out candidates socialised to express emotion more openly.
"We need a warm, empathetic woman to lead our customer experience team.",biased,stereotype,"warm, empathetic woman",Combining gendered language with feminised emotional traits as a job requirement reinforces the stereotype that care roles are for women.
The ideal sales leader is someone who can be ruthless when closing deals.,biased,stereotype,ruthless when closing deals,Ruthless is a masculine-coded trait used as a professional virtue signal that disadvantages candidates who don't identify with aggressive negotiation styles.
"We want a tough, no-nonsense manager who doesn't get distracted by feelings.",biased,stereotype,doesn't get distracted by feelings,Framing emotional awareness as a distraction encodes the masculine norm that professional behaviour excludes emotional intelligence.
"The successful candidate will have a commanding presence and a deep, authoritative voice.",biased,stereotype,"commanding presence and a deep, authoritative voice",A commanding and deep-voiced presence requirement encodes masculine physical norms and disadvantages women in leadership roles.
"We are looking for a people's person — warm, gentle, and patient — to run our reception.",biased,stereotype,"warm, gentle, and patient",Clustering feminised soft traits as requirements for a front-desk role reinforces the stereotype that support roles are suited to women.
The ideal candidate exudes masculine confidence and doesn't back down in negotiations.,biased,stereotype,masculine confidence,Requiring masculine confidence as a negotiation trait is a direct gendered signal that women and non-binary candidates are less suited to the role.
We need someone fierce and relentless — a fighter who won't take no for an answer.,biased,stereotype,fierce and relentless — a fighter,Fighter and fierce are masculine-coded aggression signals that disadvantage candidates socialised away from combative self-presentation.
Our ideal head of school is a firm but caring maternal influence for students.,biased,stereotype,maternal influence,Using a gendered parental metaphor as a leadership qualifier for an education role reinforces the stereotype that women are natural caregivers.
We want a strong patriarch figure to anchor our family-owned business.,biased,stereotype,patriarch figure,Patriarch is an explicitly masculine-gendered authority role that excludes women and non-binary people from consideration.
The role calls for someone with unshakeable masculine resolve in crisis situations.,biased,stereotype,masculine resolve,Masculine resolve as a crisis management requirement is a gendered signal that men are better suited to high-stakes decision-making.
We are seeking a strong female role model to inspire our diversity programme.,biased,stereotype,strong female role model,"Specifying gender for a role model position implies that only women can represent diversity, reducing the scope and impact of the programme."
Looking for a battle-hardened operator to manage our turnaround project.,biased,stereotype,battle-hardened operator,Battle-hardened is a military masculine metaphor for professional resilience that signals cultural fit favouring men.
The candidate should be a powerful male voice in the boardroom.,biased,stereotype,powerful male voice,Specifying a male voice as a boardroom asset is direct gender stereotyping that excludes women from senior leadership.
We need someone with old-fashioned grit — a man who gets the job done without complaint.,biased,stereotype,a man who gets the job done,Explicitly gendering work ethic as a male quality is stereotyping that excludes women and non-binary people.
The ideal candidate is a natural nurturer with strong emotional sensitivity.,biased,stereotype,natural nurturer,"Natural nurturer is a feminised trait presented as a job requirement, reinforcing the stereotype that caregiving roles are suited to women."
"We want someone who leads from the front — bold, brash, and unapologetic.",biased,stereotype,"bold, brash, and unapologetic","Bold, brash, and unapologetic cluster masculine-coded personality traits that disadvantage women and non-binary candidates."
"The candidate will project confident, masculine energy in all client interactions.",biased,stereotype,masculine energy,Requiring masculine energy in client interactions encodes a gendered standard that disadvantages women in the role.
We are seeking a tough cookie who can handle a male-dominated environment without complaint.,biased,stereotype,handle a male-dominated environment without complaint,Asking candidates to tolerate a male-dominated environment normalises gender inequality rather than addressing it.
Looking for a decisive alpha to shake up our underperforming business unit.,biased,stereotype,decisive alpha,Alpha is an explicitly masculine-coded dominance signal; framing leadership as alpha behaviour disadvantages women and non-binary candidates.
"The candidate must be bold, competitive, and driven — the kind of person who dominates their field.",biased,stereotype,dominates their field,Dominate as a performance standard encodes masculine-coded competitiveness that research shows deters women from applying.
We need someone with the instincts of a natural-born leader — not someone who relies on consensus.,biased,stereotype,natural-born leader — not someone who relies on consensus,Framing consensus-building as a weakness encodes a masculine-coded lone authority style that disadvantages collaborative leadership styles more common among women.
"The ideal candidate for this nursing role is gentle, caring, and emotionally available.",biased,stereotype,"gentle, caring, and emotionally available",Clustering feminised emotional traits as requirements for a nursing role reinforces the stereotype that nursing is naturally suited to women.
We want a fierce female advocate to drive our gender equality initiative.,biased,stereotype,fierce female advocate,"Specifying gender for an advocacy role implies only women should lead gender equality work, reducing accountability across the organisation."
"Our ideal candidate will be a quietly confident, dependable woman who never causes a fuss.",biased,stereotype,"quietly confident, dependable woman who never causes a fuss",Describing a woman who doesn't cause a fuss as an ideal employee reinforces harmful stereotypes about women being compliant and non-assertive.
The role requires someone with gravitas — the natural authority that commands a room.,biased,stereotype,natural authority that commands a room,"Natural authority that commands a room encodes masculine leadership norms and disadvantages women, who are socially penalised for the same assertive behaviours."
This role requires someone available around the clock — we don't believe in work-life balance.,biased,requirements_bias,we don't believe in work-life balance,"Rejecting work-life balance as a value disproportionately disadvantages caregivers, who are statistically more likely to be women."
The candidate must be available 24/7 with no exceptions.,biased,requirements_bias,available 24/7 with no exceptions,"Round-the-clock availability requirements disproportionately screen out primary caregivers, who are statistically more often women."
We require someone with no gaps in their employment history.,biased,requirements_bias,no gaps in their employment history,"This requirement penalises candidates who took parental, medical, or caregiving leave, disproportionately affecting women."
Must be willing to relocate on short notice with no family commitments.,biased,requirements_bias,no family commitments,Explicitly screening for candidates without family commitments is discriminatory and disproportionately impacts women and parents.
The role requires frequent international travel — family responsibilities should not be a limitation.,biased,requirements_bias,family responsibilities should not be a limitation,Framing family responsibilities as a performance risk discriminates against parents and is disproportionately applied to women.
Candidates must be available to attend evening networking events on a regular basis.,biased,requirements_bias,available to attend evening networking events on a regular basis,"Regular evening commitments are a structural barrier for single parents and primary caregivers, disproportionately affecting women."
We expect total dedication — this role comes before everything else in your life.,biased,requirements_bias,this role comes before everything else in your life,"Demanding life-priority signals a culture that penalises caregivers, disproportionately impacting women and parents."
Must be willing to work weekends without additional compensation.,biased,requirements_bias,work weekends without additional compensation,"Unpaid weekend work requirements disproportionately burden caregivers and lower-income candidates, who are more often women."
The ideal candidate has zero obligations outside the office.,biased,requirements_bias,zero obligations outside the office,Requiring candidates to have no outside obligations screens out parents and caregivers and is disproportionately discriminatory toward women.
Candidates should expect to be on-call at all times including public holidays.,biased,requirements_bias,on-call at all times including public holidays,"Blanket on-call requirements without compensation disproportionately disadvantage caregivers, statistically more often women."
We require someone who can dedicate their entire life to the success of this company.,biased,requirements_bias,dedicate their entire life to the success of this company,"This extreme availability demand is a structural barrier for caregivers, disproportionately screening out women and parents."
The candidate must have no personal travel restrictions and be available globally at 48 hours' notice.,biased,requirements_bias,no personal travel restrictions,Requiring candidates to have no personal limitations on global travel disproportionately impacts parents and primary caregivers.
You should be prepared to answer messages at any hour — we move fast.,biased,requirements_bias,answer messages at any hour,Unlimited communication availability requirements disproportionately burden caregivers and those with family responsibilities.
The role requires someone who places career above personal life at all times.,biased,requirements_bias,places career above personal life,Making career-first orientation an explicit job requirement structurally disadvantages caregivers and disproportionately impacts women.
We are looking for someone who has never taken a career break.,biased,requirements_bias,never taken a career break,"Penalising career breaks screens out candidates who took parental, caregiving, or medical leave, disproportionately impacting women."
Candidates must be willing to work 70-hour weeks during peak periods without flexibility.,biased,requirements_bias,work 70-hour weeks during peak periods without flexibility,"Inflexible extreme-hours requirements disproportionately disadvantage caregivers, particularly single parents who are statistically more often women."
The successful candidate will not require accommodations for religious observance or personal commitments.,biased,requirements_bias,not require accommodations for religious observance or personal commitments,Screening out candidates with religious or personal commitments compounds gender discrimination with religious and cultural discrimination.
"We need someone fully footloose — no dependants, no pets, no ties.",biased,requirements_bias,"no dependants, no pets, no ties",Screening for absence of dependants is indirect gender and family discrimination that disproportionately impacts women.
The role requires someone who can be in the office by 6am each morning without exception.,biased,requirements_bias,in the office by 6am each morning without exception,Mandatory early-hours attendance without flexibility disproportionately disadvantages single parents and primary caregivers.
Must be comfortable working through public holidays — we deliver 365 days a year.,biased,requirements_bias,working through public holidays,Mandatory holiday working without compensation or flexibility is a structural barrier for caregivers and disproportionately impacts women.
This is not a nine-to-five role — we expect full dedication from dawn to well past midnight.,biased,requirements_bias,dawn to well past midnight,Framing extreme working hours as cultural fit is an indirect gender discriminator that disproportionately disadvantages caregivers.
We need someone with no ongoing medical appointments or health commitments that would affect availability.,biased,requirements_bias,no ongoing medical appointments or health commitments,Screening for health-related availability gaps compounds disability discrimination with gender discrimination against those with chronic health conditions.
Candidates should be prepared to uproot their lives and relocate internationally within 30 days.,biased,requirements_bias,uproot their lives and relocate internationally within 30 days,Short-notice international relocation requirements structurally disadvantage candidates with family roots and caregiving responsibilities.
"You will be expected to be reachable by the senior leadership team at all hours, including weekends.",biased,requirements_bias,reachable by the senior leadership team at all hours,Unlimited executive accessibility is a structural ideal-worker norm that disproportionately disadvantages caregivers and women.
The candidate must demonstrate that no personal obligation will ever interfere with business delivery.,biased,requirements_bias,no personal obligation will ever interfere with business delivery,"Requiring proof of zero personal obligations is a structural discriminator against caregivers, disproportionately affecting women."
"We need someone who will eat, sleep, and breathe this company.",biased,requirements_bias,"eat, sleep, and breathe this company","Extreme devotion framing signals an ideal-worker culture that structurally disadvantages caregivers, who are statistically more often women."
Candidates must be willing to sacrifice personal time regularly for the good of the team.,biased,requirements_bias,sacrifice personal time regularly,Framing personal time sacrifice as a professional virtue is an ideal-worker norm that disproportionately burdens caregivers and women.
The role involves regular overnight travel — candidates must confirm no domestic limitations.,biased,requirements_bias,no domestic limitations,Screening for absence of domestic limitations is indirect gender discrimination that disadvantages caregivers.
We require unwavering commitment — career gaps or reduced hours in previous roles are a red flag.,biased,requirements_bias,career gaps or reduced hours in previous roles are a red flag,"Penalising reduced hours and career gaps screens out candidates who accommodated caregiving, disproportionately impacting women."
"This is a lifestyle, not a job — candidates must be fully immersed with no personal distractions.",biased,requirements_bias,no personal distractions,Framing the absence of personal life as cultural fit is a structural ideal-worker norm that disproportionately disadvantages caregivers and women.
We expect staff to be fully present and unencumbered by outside responsibilities.,biased,requirements_bias,unencumbered by outside responsibilities,Requiring freedom from outside responsibilities is a structural barrier for caregivers and disproportionately disadvantages women.
Candidates working part-time in previous roles need not apply.,biased,requirements_bias,working part-time in previous roles need not apply,"Penalising prior part-time work screens out candidates who accommodated caregiving, disproportionately impacting women."
The successful candidate will be available to fly internationally on 24 hours' notice with no restrictions.,biased,requirements_bias,available to fly internationally on 24 hours' notice with no restrictions,Short-notice international travel requirements with no restrictions disproportionately disadvantage caregivers and parents.
This role requires someone who has demonstrated sustained full-time commitment throughout their career.,biased,requirements_bias,sustained full-time commitment throughout their career,"Requiring unbroken full-time work history is an ideal-worker standard that structurally penalises caregiving breaks, disproportionately affecting women."
We're looking for a coding ninja to join our backend engineering team.,biased,masculine_coded_language,coding ninja,Ninja is a masculine-coded superlative that research shows deters women from applying; skilled engineer is inclusive.
We need a rockstar developer who can ship fast and break things.,biased,masculine_coded_language,rockstar developer,Rockstar is a masculine-coded hyperbolic descriptor that signals a laddish culture and disproportionately deters women.
This is a role for a true coding wizard with deep systems knowledge.,biased,masculine_coded_language,coding wizard,Wizard is a masculine-coded fantasy archetype used as a job qualifier that implicitly signals a male-default culture.
We want someone who will dominate the market and crush the competition.,biased,masculine_coded_language,dominate the market,Dominate is a masculine-coded aggressive verb that signals a hypermasculine culture and deters candidates who don't identify with that framing.
Looking for a sales guru who can evangelise our product to enterprise clients.,biased,masculine_coded_language,sales guru,Guru is a masculine-coded authority archetype that research shows appears disproportionately in male-dominated industry job postings.
You will own the roadmap and ruthlessly prioritise what ships.,biased,masculine_coded_language,ruthlessly prioritise,Ruthlessly is a masculine-coded adverb that frames professional decisiveness as aggression and deters candidates who value other styles.
We need a self-reliant engineer who doesn't need hand-holding to get things done.,biased,masculine_coded_language,self-reliant,Self-reliant is a masculine-coded trait; research shows it signals independence culture that deters women who value collaborative environments.
The ideal candidate is a competitive high-performer who thrives on beating targets.,biased,masculine_coded_language,competitive high-performer,"Competitive is empirically identified as a masculine-coded word that reduces women's likelihood of applying (Gaucher et al., 2011)."
We are building a tribe of ambitious go-getters who want to change the world.,biased,masculine_coded_language,tribe of ambitious go-getters,Tribe is a masculine-coded in-group signal; combined with go-getters it codes the culture as male-dominated.
This role requires a headstrong individual who won't back down from a challenge.,biased,masculine_coded_language,headstrong,Headstrong is a masculine-coded stubbornness-as-virtue framing that encodes an aggressive work culture deterring women.
We want a champion who will lead from the front and inspire through action.,biased,masculine_coded_language,champion,Champion is a masculine-coded leadership archetype associated with combat and sport.
Looking for an independent thinker who is not afraid to ruffle feathers.,biased,masculine_coded_language,ruffle feathers,Ruffle feathers is a masculine-coded confrontation framing that implicitly rewards aggressive workplace behaviour.
We need a killer instinct in our next head of growth.,biased,masculine_coded_language,killer instinct,Killer instinct is a violent masculine-coded metaphor for professional ambition.
You'll be expected to crush your quarterly targets and outperform peers.,biased,masculine_coded_language,crush your quarterly targets,Crush is a violent masculine-coded achievement verb that signals a hyper-competitive culture.
The ideal candidate has a lone wolf mentality — self-sufficient and driven.,biased,masculine_coded_language,lone wolf mentality,"Lone wolf is a masculine-coded individualism archetype that deters candidates who value collaboration, disproportionately including women."
We're hiring a data ninja to build our analytics infrastructure from scratch.,biased,masculine_coded_language,data ninja,Ninja is a masculine-coded superlative that appears predominantly in job postings that attract disproportionately male applicant pools.
Looking for a product guru with deep customer empathy and a bias for action.,biased,masculine_coded_language,product guru,Guru is a masculine-coded expert archetype; bias for action is also masculine-coded language per hiring bias research.
We want someone who can go from zero to one — a builder who gets things done.,biased,masculine_coded_language,zero to one,Zero to one is a masculine-coded startup mythology phrase associated with male founder culture.
The candidate must be a self-starter who can hit the ground running without direction.,biased,masculine_coded_language,self-starter,Self-starter is a masculine-coded independence signal that research identifies as deterring women who value structured onboarding.
We are looking for a sharp-elbowed operator who can navigate political environments.,biased,masculine_coded_language,sharp-elbowed operator,Sharp-elbowed is a masculine-coded aggressive political metaphor.
We need an engineering rockstar who eats hard problems for breakfast.,biased,masculine_coded_language,engineering rockstar,Rockstar combined with aggressive hyperbole encodes a masculine-default tech culture that deters women.
Our ideal candidate is a data wizard who can untangle the messiest datasets.,biased,masculine_coded_language,data wizard,Wizard is a masculine-coded fantasy superlative used as a skill descriptor in male-dominated tech contexts.
We want a sales champion who will conquer new markets and build our empire.,biased,masculine_coded_language,conquer new markets,Conquer is a military masculine-coded achievement verb that signals an aggressive expansion culture.
This is a role for a growth hacker with the drive to dominate our category.,biased,masculine_coded_language,dominate our category,Growth hacker and dominate are masculine-coded tech startup terms that signal a male-default culture.
We need a hands-on warrior who will roll up their sleeves and fight for results.,biased,masculine_coded_language,warrior who will roll up their sleeves and fight for results,Warrior and fight are military masculine-coded metaphors that signal a combative workplace culture deterring diverse candidates.
Looking for a tenacious self-starter who will own outcomes from day one.,biased,masculine_coded_language,tenacious self-starter,Tenacious and self-starter cluster masculine-coded independence and aggression signals that deter women candidates.
We want someone who can evangelise our brand and conquer social media.,biased,masculine_coded_language,conquer social media,Conquer is a masculine-coded conquest metaphor used as a performance standard.
"The successful candidate will be a driven operator who thrives in a competitive, high-stakes environment.",biased,masculine_coded_language,driven operator,Driven and operator are masculine-coded high-performance signals common in male-dominated finance and tech cultures.
We are hiring a product ninja who can ship features at lightning speed.,biased,masculine_coded_language,product ninja,Product ninja is a masculine-coded superlative that signals a male-default engineering culture.
"We want someone with the instincts of a poker player — calm, strategic, and willing to bluff.",biased,masculine_coded_language,instincts of a poker player,Poker player is a masculine-coded strategic archetype that implicitly signals a male-dominated culture of competitive calculation.
Looking for a hard-charging VP of Sales who won't take no for an answer.,biased,masculine_coded_language,hard-charging,Hard-charging is a masculine-coded aggression signal that is empirically associated with male-dominated sales culture.
"The role calls for someone who can out-think, out-hustle, and out-execute the competition.",biased,masculine_coded_language,out-hustle,Hustle is a masculine-coded performance ideology associated with male-dominated startup culture.
We need an analytical powerhouse who can wrestle insight from complex data.,biased,masculine_coded_language,wrestle insight,Wrestling insight is a physical combat masculine-coded metaphor for analytical work.
"Our team is full of brilliant jerks — if you can't handle that, this isn't for you.",biased,masculine_coded_language,brilliant jerks,Brilliant jerks is a well-documented masculine-coded culture signal that normalises toxic behaviour and deters women candidates.
We want a street-smart operator who has seen it all and can work under any pressure.,biased,masculine_coded_language,street-smart operator,Street-smart operator encodes a masculine-coded hardness signal that disadvantages candidates who don't identify with aggressive performance norms.
"Looking for a fearless, independent contributor who works best without supervision.",biased,masculine_coded_language,"fearless, independent contributor",Fearless and independent are masculine-coded trait signals that research shows deter women who value collaborative structures.
We want a go-getter who will hustle for market share in a crowded landscape.,biased,masculine_coded_language,go-getter who will hustle,Go-getter and hustle are masculine-coded performance descriptors from startup culture that disproportionately deter women.
"The ideal candidate is an ambitious, self-directed individual who won't need hand-holding.",biased,masculine_coded_language,self-directed individual who won't need hand-holding,Self-directed and dismissal of support are masculine-coded independence signals that deter women who value collaborative onboarding.
We need a data gladiator who can defend insights in a room full of sceptics.,biased,masculine_coded_language,data gladiator,Gladiator is a combat masculine-coded archetype used as a professional superlative that signals a male-default analytical culture.
"This is a company of missionaries, not mercenaries — we want true believers.",biased,masculine_coded_language,"missionaries, not mercenaries",Missionary and mercenary are masculine-coded religious and military metaphors common in male-dominated founder-culture organisations.
Looking for a battle-tested engineer who has shipped products under fire.,biased,masculine_coded_language,battle-tested,Battle-tested is a military masculine-coded experience descriptor that signals a male-default engineering culture.
"We need a scrappy, resourceful hustler who can build from zero.",biased,masculine_coded_language,"scrappy, resourceful hustler",Scrappy and hustler are masculine-coded startup culture signals that research shows disproportionately deter women from applying.
The candidate must be a thought leader who dominates industry conversations.,biased,masculine_coded_language,dominates industry conversations,Dominates is a masculine-coded conquest verb used as a professional excellence standard that disadvantages women candidates.
We want a fearless disruptor who will challenge the status quo and win.,biased,masculine_coded_language,fearless disruptor,Disruptor is a masculine-coded Silicon Valley archetype; combined with fearless it encodes a male-default founder culture.
"Looking for a hungry, driven operator with a chip on their shoulder.",biased,masculine_coded_language,chip on their shoulder,Chip on their shoulder is a masculine-coded chip-against-the-world aggression signal associated with competitive male professional cultures.
The candidate must be well-presented and physically attractive for this client-facing role.,biased,appearance_bias,physically attractive,Requiring physical attractiveness for a client-facing role is a gendered standard that disproportionately disadvantages women through objectification.
"We are looking for a slim, presentable female host for our corporate events.",biased,appearance_bias,"slim, presentable female host",Specifying body type and gender for a hosting role has no occupational justification and is both appearance-discriminatory and gendered.
"The successful candidate will have a neat, feminine appearance suitable for our luxury brand.",biased,appearance_bias,feminine appearance,Requiring a feminine appearance as a job qualification imposes a gendered aesthetic standard with no occupational basis.
We need a front-of-house candidate who is well-groomed and conventionally attractive.,biased,appearance_bias,conventionally attractive,Specifying conventional attractiveness encodes racial and gender beauty norms with no occupational justification.
This role requires a photogenic candidate comfortable being featured in marketing materials.,biased,appearance_bias,photogenic candidate,Photogenic as a job requirement imposes an appearance standard that disproportionately disadvantages women through objectification.
"Looking for a polished, stylish professional to represent our fashion brand in-store.",biased,appearance_bias,"polished, stylish professional",Polished and stylish encode gendered appearance standards that disproportionately disadvantage women and non-binary candidates.
"The candidate should maintain a youthful, vibrant appearance appropriate for our wellness brand.",biased,appearance_bias,"youthful, vibrant appearance",Requiring a youthful appearance compounds age and gender discrimination and has no occupational basis.
We need an attractive spokesperson comfortable with video and public appearances.,biased,appearance_bias,attractive spokesperson,Attractive is a subjective appearance standard that encodes gendered and racialised beauty norms when used as a job requirement.
Our ideal candidate is well-dressed and takes pride in their personal presentation at all times.,biased,appearance_bias,well-dressed,Framing appearance as a character trait encodes appearance-based screening that disproportionately disadvantages women.
"The role requires a tall, physically imposing candidate to maintain presence on the trading floor.",biased,appearance_bias,"tall, physically imposing","Height and physical imposingness are gendered appearance requirements; men are statistically taller, making this an indirect gender discriminator."
We are seeking a glamorous brand ambassador to represent our cosmetics line at events.,biased,appearance_bias,glamorous brand ambassador,Glamorous is a gendered aesthetic standard that imposes feminised appearance requirements and subjects candidates to objectification.
Our hospitality team needs someone with a warm smile and an appealing personality.,biased,appearance_bias,appealing personality,Appealing personality encodes subjective appearance and social performance standards that disproportionately disadvantage women.
We are hiring attractive female promotional staff for our trade show booth.,biased,appearance_bias,attractive female promotional staff,Combining gendered and attractiveness requirements for event staffing has no occupational justification and is doubly discriminatory.
"The candidate should have a svelte, healthy figure that reflects our fitness brand values.",biased,appearance_bias,"svelte, healthy figure",Specifying a body type as a job requirement imposes appearance standards that are gendered and potentially discriminatory under disability law.
"We need a charismatic, handsome male brand representative for our menswear launch.",biased,appearance_bias,handsome male brand representative,Specifying attractiveness and gender for a brand representative role objectifies candidates and limits the pool discriminatorily.
"Looking for a tall, elegant female to host our VIP lounge events.",biased,appearance_bias,"tall, elegant female","Requiring height, elegance, and female gender for a hosting role compounds gender and appearance discrimination."
"The ideal receptionist is smartly dressed, attractive, and presents well in person.",biased,appearance_bias,attractive,Listing attractive as a receptionist requirement imposes gendered beauty standards on a professional role with no occupational justification.
"We need a presentable, slim female flight attendant who projects our brand image.",biased,appearance_bias,slim female flight attendant,Specifying body shape and gender for a flight attendant is both appearance and gender discriminatory.
"Our brand ambassador must be camera-ready with a polished, attractive appearance at all times.",biased,appearance_bias,"camera-ready with a polished, attractive appearance",Camera-ready attractiveness as a job requirement subjects candidates to gendered beauty standards with no occupational basis.
Looking for a well-built male fitness instructor who can inspire clients by example.,biased,appearance_bias,well-built male fitness instructor,Requiring a well-built male body for a fitness instructor role conflates physical inspiration with a specific gendered body standard.
"We are hiring hostesses who are beautiful, elegant, and professionally groomed.",biased,appearance_bias,"beautiful, elegant, and professionally groomed",Beautiful and elegant are gendered appearance requirements that objectify candidates applying for this role.
"The customer success role calls for a vivacious, attractive individual with a magnetic personality.",biased,appearance_bias,attractive individual with a magnetic personality,Attractive and magnetic personality together encode gendered social performance and appearance standards in a professional context.
Our restaurant needs a waitress who is presentable and attractive to enhance guest experience.,biased,appearance_bias,attractive to enhance guest experience,Framing attractiveness as a guest experience enhancer makes appearance a professional criterion with no occupational basis.
"We need a shapely, photogenic influencer to represent our activewear brand online.",biased,appearance_bias,"shapely, photogenic influencer",Shapely is a gendered body-type requirement that imposes narrow appearance standards on candidates and constitutes discrimination.
"The spokesperson must have a polished, put-together appearance that reflects corporate gravitas.",biased,appearance_bias,"polished, put-together appearance",Polished and put-together appearance requirements for corporate roles encode gendered grooming standards that disadvantage women and non-binary candidates.
This is a family-friendly company — we ask that candidates do not have young children at home.,biased,motherhood_penalty,do not have young children at home,Explicitly screening out candidates with young children is direct discrimination that disproportionately impacts women and is illegal in most jurisdictions.
We are looking for someone fully committed — maternity leave will not be supported in this role.,biased,motherhood_penalty,maternity leave will not be supported,Explicitly excluding maternity leave is direct gender discrimination that targets women and violates employment law in most jurisdictions.
The ideal candidate has no plans to start a family in the near future.,biased,motherhood_penalty,no plans to start a family,Asking or implying candidates should not plan to have children is direct pregnancy and gender discrimination.
We prefer candidates without childcare responsibilities that might affect their availability.,biased,motherhood_penalty,without childcare responsibilities,Screening against childcare responsibilities disproportionately disadvantages mothers and constitutes indirect gender discrimination.
Candidates who have taken extended maternity leave may not be suitable for this fast-paced role.,biased,motherhood_penalty,taken extended maternity leave,Penalising maternity leave as a job disqualifier is direct gender discrimination; maternity leave is a legal right in most jurisdictions.
We need someone in the office five days a week — this role is not compatible with school run schedules.,biased,motherhood_penalty,not compatible with school run schedules,Explicitly framing school run schedules as incompatible signals that primary caregivers — disproportionately mothers — are unwelcome.
This is a high-commitment role — we ask that family planning not interfere with your career trajectory.,biased,motherhood_penalty,family planning not interfere with your career,Framing family planning as a career interference discourages women who are or plan to be pregnant from applying.
Candidates must demonstrate that personal commitments will never take priority over work obligations.,biased,motherhood_penalty,personal commitments will never take priority,This framing penalises caregiving responsibilities disproportionately held by women.
We are a high-growth startup — parental leave is not currently part of our benefits package.,biased,motherhood_penalty,parental leave is not currently part of our benefits package,Advertising the absence of parental leave is a structural signal that discourages women and primary caregivers from applying.
The successful candidate will not allow domestic responsibilities to impact their performance.,biased,motherhood_penalty,domestic responsibilities to impact their performance,Framing domestic responsibilities as a performance risk encodes the motherhood penalty and signals that caregivers are undesirable candidates.
"We need someone with no upcoming life events — no weddings, maternity, or major personal plans.",biased,motherhood_penalty,"no weddings, maternity",Explicitly listing maternity as an undesirable upcoming life event is direct gender and pregnancy discrimination.
Women returning from career breaks due to childcare may find this role challenging.,biased,motherhood_penalty,Women returning from career breaks due to childcare may find this role challenging,Explicitly warning women returners from childcare breaks discourages a protected group from applying.
We will not consider candidates who have previously reduced their hours due to family obligations.,biased,motherhood_penalty,reduced their hours due to family obligations,Penalising reduced hours linked to caregiving disproportionately screens out mothers and constitutes indirect gender discrimination.
Candidates who are pregnant or recently pregnant may not have the capacity for this high-pressure role.,biased,motherhood_penalty,pregnant or recently pregnant may not have the capacity,Explicitly framing pregnancy as a capacity concern is direct pregnancy discrimination and illegal in all major jurisdictions.
This role is not suited to candidates who plan to take extended time off in the next two years.,biased,motherhood_penalty,plan to take extended time off in the next two years,Extended time off includes maternity leave; framing this as a disqualifier is indirect pregnancy and gender discrimination.
We ask that candidates confirm they have stable childcare arrangements before applying.,biased,motherhood_penalty,confirm they have stable childcare arrangements,Requiring candidates to disclose and demonstrate childcare arrangements is intrusive and disproportionately burdens women candidates.
Our team moves fast — candidates with part-time histories due to childcare will not be prioritised.,biased,motherhood_penalty,part-time histories due to childcare will not be prioritised,Explicitly penalising part-time work linked to childcare is indirect gender discrimination and motherhood penalty.
We value continuity — candidates who left the workforce to raise children will be considered at a lower level.,biased,motherhood_penalty,left the workforce to raise children will be considered at a lower level,Demoting candidates for caregiving career breaks is a direct motherhood penalty and constitutes gender discrimination.
The successful applicant will confirm that school holidays will not disrupt their working pattern.,biased,motherhood_penalty,school holidays will not disrupt their working pattern,"Requiring candidates to confirm school holidays don't affect them is indirect discrimination against parents, disproportionately mothers."
We require someone who will not need to take time off for fertility treatments.,biased,motherhood_penalty,time off for fertility treatments,Screening against fertility treatment leave is direct gender and medical discrimination.
We expect full attendance — candidates who have previously taken maternity or paternity leave should note our demanding schedule.,biased,motherhood_penalty,previously taken maternity or paternity leave should note our demanding schedule,Flagging parental leave as a potential conflict with a demanding schedule is a motherhood penalty signal that discourages parents from applying.
Candidates should be aware that the company does not accommodate flexible working for parental reasons.,biased,motherhood_penalty,does not accommodate flexible working for parental reasons,Explicitly excluding parental flexible working is a structural motherhood penalty and indirect gender discriminator.
We will not be able to guarantee a return-to-work role following any maternity absence.,biased,motherhood_penalty,not be able to guarantee a return-to-work role following any maternity absence,Refusing to guarantee return-to-work after maternity leave is illegal in most jurisdictions and is direct gender discrimination.
This role requires sustained physical presence — candidates with new babies should consider carefully.,biased,motherhood_penalty,candidates with new babies should consider carefully,Cautioning candidates with new babies is a motherhood penalty signal that discourages mothers from applying.
We prefer candidates who are past the stage of starting a family and fully settled in their careers.,biased,motherhood_penalty,past the stage of starting a family,Preferring candidates past family-forming age is pregnancy and gender discrimination combined with age discrimination.
Frequent overnight travel is mandatory — candidates with infant-age children should assess their suitability.,biased,motherhood_penalty,candidates with infant-age children should assess their suitability,Directing candidates with infants to self-screen out is a motherhood penalty that discourages mothers from applying.
The role does not support job shares or part-time arrangements arising from childcare.,biased,motherhood_penalty,does not support job shares or part-time arrangements arising from childcare,Explicitly refusing childcare-related flexible working is a structural motherhood penalty and indirect gender discriminator.
We are unable to support candidates who require regular time off for children's medical appointments.,biased,motherhood_penalty,regular time off for children's medical appointments,Refusing to accommodate parental medical appointments is indirect gender discrimination against primary caregivers.
Candidates who have previously taken career breaks for family reasons will not be shortlisted.,biased,motherhood_penalty,taken career breaks for family reasons will not be shortlisted,Explicitly excluding candidates with family-related career breaks is a direct motherhood penalty and gender discrimination.
The successful candidate will be responsible for conducting technical interviews with engineering candidates.,neutral,none,,Describes a professional task without any gendered or age-related language.
We are looking for a software engineer with 3+ years of experience in Python and cloud infrastructure.,neutral,none,,The role description uses skills and experience requirements without any discriminatory language.
The candidate will collaborate with cross-functional teams to deliver product features on schedule.,neutral,none,,Describes collaborative work using neutral and inclusive language.
We require strong written and verbal communication skills for this client-facing role.,neutral,none,,Communication skills are described as a job requirement without any gendered framing.
The successful applicant will manage a team of five analysts and report to the Head of Data.,neutral,none,,Describes a management role with organisational detail and no discriminatory language.
We offer flexible working arrangements to support candidates from all backgrounds.,neutral,none,,This sentence actively signals inclusivity and removes structural barriers to application.
All applicants will be assessed on their technical skills and relevant experience.,neutral,none,,Competency-based assessment criteria are clearly stated without bias.
This role is open to candidates at all career stages with relevant expertise.,neutral,none,,Explicitly welcoming all career stages removes discriminatory signals from the hiring message.
The position involves coordinating logistics across multiple international offices.,neutral,none,,Describes job responsibilities using functional language with no discriminatory elements.
We are seeking a marketing strategist to lead brand campaigns across digital and traditional channels.,neutral,none,,Job title and responsibilities are described with neutral and inclusive language.
Candidates should have demonstrated experience in financial modelling and stakeholder reporting.,neutral,none,,Experience requirements are stated in terms of demonstrated competence rather than demographic proxies.
The successful candidate will work closely with the legal team to ensure regulatory compliance.,neutral,none,,Describes cross-functional collaboration using neutral professional language.
We welcome applications from candidates with non-traditional career paths.,neutral,none,,This phrasing actively removes the penalty for career gaps or non-linear experience.
The role involves managing procurement contracts and supplier relationships across three regions.,neutral,none,,Functional role description with no discriminatory language.
We are committed to building a diverse team and encourage applications from underrepresented groups.,neutral,none,,Inclusive hiring intent is stated explicitly and positively.
This position requires a strong analytical mindset and attention to detail.,neutral,none,,Describes cognitive job requirements using skills-based language with no discriminatory framing.
The candidate will design and implement machine learning pipelines for real-time prediction systems.,neutral,none,,Technical role description using precise skills language without any discriminatory elements.
We value candidates who bring diverse perspectives and lived experience to the team.,neutral,none,,Positive inclusive signal that values diversity of background without specifying any protected characteristic.
"The role includes managing budgets, forecasting revenue, and presenting results to senior leadership.",neutral,none,,Clear functional responsibilities stated with no demographic proxies.
Applicants should have experience facilitating workshops and delivering training to large groups.,neutral,none,,Skills-based requirement stated in plain inclusive language.
We seek a detail-oriented operations coordinator to streamline our administrative processes.,neutral,none,,Job requirement described using a functional skill without gendered framing.
The candidate will be responsible for maintaining relationships with key clients and identifying growth opportunities.,neutral,none,,Client relationship responsibilities described neutrally without demographic proxies.
Strong project management skills and familiarity with Agile methodologies are required.,neutral,none,,Technical skill requirements stated without any discriminatory language.
We encourage applications from individuals with disabilities and are happy to discuss reasonable adjustments.,neutral,none,,Proactive inclusive hiring statement that removes structural barriers.
The position requires experience with SQL databases and data visualisation tools such as Tableau.,neutral,none,,Technical proficiency requirements stated in specific skills-based language.
Candidates will be evaluated based on a structured competency framework applied consistently to all applicants.,neutral,none,,Explicit commitment to structured fair evaluation removes implicit bias signals.
The role involves writing technical documentation and translating complex concepts for non-technical stakeholders.,neutral,none,,Role responsibilities stated clearly and functionally without discriminatory elements.
We are looking for a cybersecurity analyst with experience in penetration testing and incident response.,neutral,none,,Technical role described using specific skills with no demographic proxies.
The successful candidate will support the Head of People in implementing the company's wellbeing strategy.,neutral,none,,Organisational relationship and responsibility described neutrally without gendered framing.
This is a hybrid role with three days in the office and two days working remotely.,neutral,none,,Working arrangement described transparently and inclusively without structural barriers.
We seek a content strategist with a strong portfolio across long-form editorial and social media formats.,neutral,none,,Portfolio and format-based requirement stated in plain skills language.
The candidate will partner with engineering and product teams to define platform architecture.,neutral,none,,Cross-functional technical role described with no discriminatory elements.
Fluency in English and at least one additional language is preferred for this international liaison role.,neutral,none,,Language requirement stated as a professional skill relevant to the role without discriminatory framing.
We are building a team with a range of professional backgrounds and actively welcome career changers.,neutral,none,,Inclusive statement that explicitly removes the penalty for non-traditional career paths.
The successful candidate will lead a team of designers through end-to-end product development cycles.,neutral,none,,Leadership role described functionally using inclusive language.
We offer parental leave equally to all parents regardless of gender.,neutral,none,,Explicit equitable policy statement that removes a structural discriminatory signal.
Relevant certifications such as PMP or PRINCE2 are advantageous but not required.,neutral,none,,Certification stated as advantageous rather than mandatory with no discriminatory framing.
The role requires strong stakeholder management skills and the ability to influence without authority.,neutral,none,,Soft skill requirement stated as professional competency using neutral language.
We are looking for a UX researcher to conduct user interviews and synthesise insights into design recommendations.,neutral,none,,Research role described using functional skills language with no discriminatory elements.
The position is open to part-time or full-time applicants depending on the candidate's preference.,neutral,none,,Flexible hiring signal that removes a structural barrier for caregivers and part-time workers.
Candidates should be comfortable presenting data-driven recommendations to C-suite stakeholders.,neutral,none,,Professional competency requirement stated functionally without discriminatory language.
We are seeking a DevOps engineer with experience in CI/CD pipelines and infrastructure as code.,neutral,none,,Technical role described in specific skills language with no demographic proxies.
All interview stages are structured and scored against defined criteria to ensure fairness.,neutral,none,,Commitment to structured fair process explicitly stated.
The successful applicant will manage our social impact portfolio and report to the CSR Director.,neutral,none,,Role and reporting line described neutrally without discriminatory framing.
We provide a mentorship programme for all new joiners to support their professional development.,neutral,none,,Inclusive development offering described without gendered framing.
The candidate will conduct quarterly performance reviews and provide structured feedback to direct reports.,neutral,none,,Management responsibility described in neutral functional language.
We are hiring a data scientist with experience in predictive modelling and statistical analysis.,neutral,none,,Technical role described using domain skills with no discriminatory language.
The role involves preparing and presenting financial statements to the board on a quarterly basis.,neutral,none,,Finance role described functionally with no discriminatory elements.
We offer a comprehensive onboarding programme to support all new hires in their first 90 days.,neutral,none,,Onboarding support described inclusively with no discriminatory language.
Candidates should have experience managing vendor relationships and negotiating contracts.,neutral,none,,Procurement responsibility described using skills-based language with no demographic proxies.
The position requires proficiency in AutoCAD and experience delivering projects to tight tolerances.,neutral,none,,Technical proficiency requirement stated in tools-based language with no discriminatory framing.
We are looking for a people partner to support managers with employee relations and talent development.,neutral,none,,HR role described using professional title and function with no gendered language.
The candidate will be responsible for developing and maintaining the company's API documentation.,neutral,none,,Technical writing role described functionally with no discriminatory elements.
We welcome applications from candidates who have taken career breaks and are returning to work.,neutral,none,,Explicit inclusive signal that removes the penalty for career gaps including parental leave.
This role offers flexible start times to support candidates from all backgrounds and caring responsibilities.,neutral,none,,Flexible working signal that removes structural barriers for caregivers and diverse candidates.
The successful candidate will develop training materials and deliver induction sessions across the business.,neutral,none,,Learning and development role described in plain functional language with no discriminatory elements.
We are seeking a nurse with experience in acute care and medication management.,neutral,none,,Clinical role described using skills and experience requirements without any gendered language.
The candidate will support the product team with user acceptance testing and quality assurance.,neutral,none,,Technical support role described functionally with no discriminatory language.
We value continuous learning and will support the successful candidate with professional development funding.,neutral,none,,Development benefit described inclusively with no discriminatory framing.
Candidates should have experience coordinating international logistics and managing customs documentation.,neutral,none,,Logistics role described using specific skills with no demographic proxies.
The role involves building and maintaining relationships with government stakeholders across three markets.,neutral,none,,Public affairs role described functionally with no discriminatory elements.
We are looking for a paramedic with current registration and experience in pre-hospital emergency care.,neutral,none,,Clinical role described using registration and experience requirements without gendered language.
The successful candidate will manage our apprenticeship programme and liaise with training providers.,neutral,none,,Education and training management role described without any discriminatory language.
We are committed to pay transparency and publish salary bands for all roles on our careers page.,neutral,none,,Pay transparency commitment described inclusively with no discriminatory framing.
The candidate will oversee our accessibility compliance programme and audit our digital products.,neutral,none,,Compliance role described functionally with no discriminatory elements.
All employees are entitled to ten days of paid personal leave per year for any purpose.,neutral,none,,Leave policy stated inclusively without attaching conditions that disadvantage caregivers.
We are looking for a qualified accountant with experience in group consolidation and IFRS reporting.,neutral,none,,Accounting role described using qualifications and technical skills with no discriminatory language.
The role requires the ability to work collaboratively across time zones with a distributed team.,neutral,none,,Cross-timezone collaboration requirement described functionally with no discriminatory framing.
Candidates should have experience conducting equality impact assessments and diversity audits.,neutral,none,,Equality and diversity competency described as a professional skill with no discriminatory language.
"We offer a salary of £55,000–£65,000 depending on experience, with no negotiation penalty for candidates who don't push.",neutral,none,,Transparent salary with explicit negotiation equity reduces the gender pay gap signal.
"The successful candidate will be assessed on their portfolio of work, not their educational background.",neutral,none,,Portfolio-based assessment removes educational gatekeeping and credentialism that can disadvantage diverse candidates.
We welcome job-share applications for this role and will consider two candidates splitting the responsibilities.,neutral,none,,Job share offer removes a structural barrier for part-time candidates and caregivers.
The candidate will be responsible for end-to-end project delivery using agile sprint methodology.,neutral,none,,Project management responsibility described using methodology-specific language with no discriminatory elements.
"We provide 26 weeks of fully paid parental leave to all parents, regardless of gender or employment type.",neutral,none,,Equitable parental leave policy removes a structural motherhood penalty signal and supports gender pay equity.
Candidates at all levels are encouraged to apply — we will create a role that fits the right person.,neutral,none,,Open-level hiring signal removes seniority gatekeeping that can disadvantage candidates returning from career breaks.
The role involves commissioning original research and managing relationships with academic partners.,neutral,none,,Research management role described functionally with no discriminatory language.
We use blind CV screening to reduce unconscious bias in our shortlisting process.,neutral,none,,Explicit commitment to blind screening is a positive anti-bias signal in the job advertisement itself.
The successful candidate will build data pipelines to support our real-time analytics dashboard.,neutral,none,,Data engineering role described in technical skills language with no discriminatory elements.
All roles at this company are evaluated against a transparent pay framework aligned to market benchmarks.,neutral,none,,Pay framework transparency reduces the conditions under which the gender pay gap is perpetuated.
"We actively encourage applications from candidates who identify as LGBTQ+, disabled, or from ethnic minority backgrounds.",neutral,none,,Intersectional positive action statement removes structural barriers for multiple underrepresented groups.
The position is remote-first with no expectation of regular office attendance unless chosen by the candidate.,neutral,none,,Remote-first policy removes geographic and commuting barriers that disproportionately affect caregivers.
Candidates should have experience delivering community health programmes in low-resource settings.,neutral,none,,Public health role described using setting-specific skills with no discriminatory language.
The role requires strong evidence synthesis skills and experience publishing in peer-reviewed journals.,neutral,none,,Research role described using academic competency with no discriminatory elements.
We provide on-site childcare facilities to support employees with young children.,neutral,none,,Childcare provision signal actively removes a structural barrier for primary caregivers and supports gender pay equity.
Candidates should be comfortable with ambiguity and able to define structure where none exists.,neutral,none,,Tolerance of ambiguity is a skills-based requirement stated without gendered or demographic coding.
We are looking for a solicitor with experience in employment law and discrimination claims.,neutral,none,,Legal role described using specialism and experience requirements with no discriminatory language.
The successful candidate will manage a portfolio of housing association clients and report monthly to the board.,neutral,none,,Client management role described functionally with no discriminatory elements.
We offer salary sacrifice for childcare costs and a generous employer pension contribution.,neutral,none,,"Benefits described inclusively including childcare cost support, which removes a structural barrier for caregivers."
All candidates will complete the same structured interview with identical questions and scoring rubrics.,neutral,none,,Structured identical interview commitment explicitly removes the conditions under which implicit gender bias operates.
Candidates with international work experience are particularly welcome to apply.,neutral,none,,International experience described as a positive signal without imposing it as a barrier or demographic proxy.
The role involves supporting clients through complex benefit claim processes and appeals.,neutral,none,,Social care role described functionally with no discriminatory language.
We are looking for a pharmacist with experience in medicines reconciliation and patient counselling.,neutral,none,,Clinical role described using professional skills without gendered language.
The position requires the candidate to be proficient in Adobe Creative Suite and motion graphics software.,neutral,none,,Creative technical role described using specific tool proficiency without any discriminatory elements.
We run a structured return-to-work programme specifically designed to support candidates after career breaks.,neutral,none,,Return-to-work programme actively removes the penalty for career breaks and supports women returners inclusively.
Candidates should have experience of bid writing and securing funding from public sector commissioners.,neutral,none,,Business development role in third sector described using skills-based language with no discriminatory elements.
We are committed to equal pay and conduct an annual pay gap audit published on our website.,neutral,none,,Public pay gap audit commitment is a proactive anti-discrimination signal in the job advertisement.
The role involves peer support facilitation and community development in a mental health context.,neutral,none,,Community health role described functionally without gendered or discriminatory language.
All employees have access to an Employee Assistance Programme including counselling and legal advice.,neutral,none,,Support benefits described inclusively without demographic targeting.
We are hiring a quantity surveyor with experience in NEC contracts and infrastructure delivery.,neutral,none,,Construction professional role described using specialism and contract knowledge without gendered language.
The candidate will lead on safeguarding policy and ensure compliance with statutory guidance.,neutral,none,,Safeguarding leadership role described in policy and compliance terms without discriminatory language.
